Country,1996,1997,1998,1999,2000,2001,2002,2003,2004,2005,2006,2007,2008,2009,2010,2011,2012,2013,2014,2015,2016,2017,2018,2019,2020,2021,2022,2023,2024
Afghanistan,1.0,0.0,5.0,3.0,3.0,3.0,7.0,12.0,16.0,18.0,36.0,30.0,36.0,52.0,84.0,87.0,87.0,66.0,95.0,76.0,140.0,177.0,222.0,325.0,330.0,464.0,610.0,566.0,724.0
Albania,68.0,52.0,50.0,44.0,41.0,37.0,50.0,51.0,53.0,55.0,66.0,80.0,104.0,137.0,224.0,276.0,337.0,502.0,521.0,474.0,404.0,385.0,482.0,559.0,677.0,917.0,997.0,1083.0,1257.0
Algeria,373.0,404.0,460.0,497.0,547.0,644.0,689.0,905.0,1194.0,1310.0,1845.0,2045.0,2502.0,3138.0,3160.0,3595.0,4273.0,4885.0,5233.0,5892.0,6626.0,7315.0,7959.0,8062.0,8270.0,9683.0,10699.0,10741.0,12735.0
American Samoa,4.0,7.0,5.0,4.0,3.0,2.0,6.0,4.0,6.0,4.0,9.0,7.0,11.0,12.0,10.0,9.0,6.0,13.0,21.0,9.0,7.0,11.0,24.0,7.0,13.0,9.0,10.0,28.0,18.0
Andorra,2.0,2.0,4.0,1.0,1.0,4.0,1.0,9.0,4.0,10.0,11.0,15.0,4.0,7.0,8.0,6.0,12.0,18.0,20.0,22.0,24.0,14.0,18.0,29.0,33.0,36.0,43.0,46.0,49.0
Angola,7.0,13.0,10.0,14.0,16.0,17.0,25.0,15.0,22.0,33.0,33.0,34.0,33.0,38.0,43.0,51.0,68.0,68.0,98.0,97.0,108.0,149.0,108.0,135.0,160.0,164.0,217.0,217.0,270.0
Anguilla,,,,1.0,,,,,,,1.0,,,3.0,1.0,2.0,4.0,8.0,7.0,12.0,13.0,8.0,9.0,9.0,16.0,10.0,16.0,15.0,14.0
Antigua and Barbuda,1.0,3.0,1.0,4.0,1.0,1.0,3.0,3.0,2.0,6.0,6.0,10.0,10.0,8.0,4.0,4.0,9.0,11.0,9.0,12.0,19.0,17.0,24.0,16.0,19.0,29.0,38.0,59.0,68.0
Argentina,4203.0,4817.0,4850.0,5149.0,5468.0,5681.0,6070.0,6125.0,6432.0,6787.0,7608.0,7838.0,8618.0,9622.0,10117.0,10898.0,11303.0,11457.0,12240.0,12453.0,12891.0,13373.0,14209.0,14614.0,16499.0,16585.0,15635.0,15230.0,15906.0
Armenia,402.0,343.0,364.0,381.0,477.0,468.0,489.0,525.0,544.0,619.0,587.0,645.0,618.0,694.0,793.0,993.0,1110.0,1027.0,1059.0,1050.0,1110.0,1118.0,1193.0,1345.0,1234.0,1244.0,1422.0,1611.0,1940.0
Aruba,,3.0,,,4.0,2.0,2.0,1.0,2.0,4.0,,1.0,0.0,3.0,6.0,9.0,7.0,8.0,20.0,8.0,13.0,13.0,6.0,14.0,20.0,26.0,31.0,39.0,35.0
Australia,24898.0,25914.0,27055.0,27713.0,29305.0,30029.0,31489.0,34206.0,37564.0,42778.0,46203.0,48896.0,51785.0,56785.0,61477.0,66289.0,70234.0,77053.0,81226.0,84714.0,87558.0,90495.0,94849.0,99847.0,104475.0,110978.0,108702.0,103239.0,109796.0
Austria,7653.0,8301.0,8263.0,8667.0,9051.0,9645.0,10421.0,11527.0,12165.0,13612.0,14006.0,15155.0,16088.0,17252.0,17991.0,19374.0,20495.0,21369.0,21984.0,23261.0,23785.0,24270.0,24928.0,26274.0,27797.0,30422.0,29701.0,29659.0,30882.0
Azerbaijan,252.0,248.0,210.0,201.0,197.0,196.0,301.0,362.0,440.0,435.0,382.0,502.0,600.0,779.0,802.0,889.0,1002.0,756.0,674.0,804.0,1025.0,1139.0,1350.0,1759.0,1995.0,1959.0,2037.0,2712.0,4390.0
Bahamas,5.0,6.0,10.0,6.0,5.0,11.0,10.0,10.0,7.0,16.0,12.0,25.0,16.0,29.0,22.0,31.0,30.0,45.0,45.0,44.0,40.0,68.0,72.0,90.0,86.0,109.0,90.0,73.0,80.0
Bahrain,124.0,87.0,113.0,115.0,101.0,102.0,88.0,168.0,189.0,221.0,259.0,255.0,259.0,294.0,324.0,330.0,308.0,423.0,403.0,364.0,466.0,544.0,676.0,986.0,1193.0,1433.0,1642.0,1911.0,2006.0
Bangladesh,526.0,541.0,554.0,581.0,617.0,615.0,641.0,765.0,860.0,991.0,1213.0,1419.0,1665.0,1915.0,2365.0,2492.0,3249.0,3223.0,3946.0,3677.0,4251.0,5507.0,5515.0,7507.0,8776.0,12505.0,12963.0,13672.0,14966.0
Barbados,41.0,44.0,46.0,42.0,45.0,64.0,63.0,77.0,94.0,72.0,87.0,80.0,86.0,84.0,74.0,91.0,111.0,110.0,113.0,107.0,120.0,114.0,120.0,132.0,146.0,169.0,205.0,169.0,183.0
Belarus,1361.0,1475.0,1485.0,1378.0,1409.0,1580.0,1668.0,1684.0,1664.0,1771.0,1629.0,1737.0,1460.0,1656.0,1514.0,1688.0,1731.0,1747.0,1755.0,1742.0,1889.0,2084.0,2356.0,2947.0,2929.0,2981.0,2858.0,2494.0,2460.0
Belgium,11451.0,12116.0,12870.0,12834.0,13104.0,13503.0,14360.0,16060.0,17103.0,19211.0,19717.0,20739.0,22072.0,23738.0,24677.0,26226.0,27742.0,28789.0,29831.0,30708.0,31161.0,31496.0,32520.0,32632.0,34757.0,37850.0,36870.0,36167.0,38168.0
Belize,9.0,10.0,8.0,6.0,3.0,2.0,9.0,13.0,13.0,19.0,20.0,9.0,9.0,25.0,25.0,19.0,24.0,29.0,23.0,31.0,27.0,38.0,32.0,40.0,54.0,64.0,61.0,70.0,58.0
Benin,59.0,80.0,78.0,79.0,80.0,79.0,87.0,95.0,125.0,127.0,175.0,201.0,212.0,253.0,246.0,299.0,344.0,403.0,401.0,426.0,400.0,508.0,524.0,658.0,714.0,920.0,909.0,887.0,1002.0
Bermuda,22.0,12.0,29.0,13.0,26.0,35.0,27.0,17.0,29.0,32.0,36.0,31.0,33.0,35.0,33.0,40.0,45.0,56.0,30.0,43.0,43.0,51.0,45.0,49.0,56.0,46.0,44.0,51.0,54.0
Bhutan,4.0,6.0,5.0,2.0,3.0,2.0,10.0,5.0,17.0,15.0,37.0,18.0,17.0,25.0,48.0,49.0,42.0,68.0,74.0,82.0,98.0,105.0,109.0,138.0,205.0,251.0,260.0,236.0,243.0
Bolivia,67.0,93.0,99.0,127.0,80.0,92.0,110.0,124.0,133.0,157.0,176.0,222.0,238.0,237.0,236.0,245.0,227.0,272.0,284.0,309.0,314.0,288.0,358.0,401.0,492.0,543.0,564.0,563.0,655.0
Bosnia and Herzegovina,40.0,55.0,47.0,102.0,90.0,89.0,132.0,176.0,229.0,312.0,359.0,425.0,513.0,629.0,720.0,800.0,874.0,817.0,846.0,935.0,1008.0,1262.0,1354.0,1569.0,1788.0,2086.0,1991.0,2047.0,2124.0
Botswana,112.0,114.0,135.0,156.0,173.0,154.0,184.0,193.0,208.0,238.0,305.0,273.0,324.0,301.0,303.0,366.0,327.0,371.0,429.0,383.0,559.0,568.0,699.0,732.0,794.0,915.0,936.0,976.0,967.0
Bouvet Island,,,1.0,,,,,,,,,,,,,,,,0.0,,,,2.0,1.0,,3.0,0.0,,1.0
Brazil,9128.0,11283.0,12768.0,13732.0,15299.0,16424.0,18882.0,21003.0,23531.0,26389.0,33165.0,36258.0,41047.0,45198.0,48620.0,52495.0,57965.0,60754.0,64428.0,67099.0,70671.0,75371.0,80327.0,85694.0,92346.0,96692.0,88764.0,83191.0,86822.0
British Indian Ocean Territory,1.0,1.0,,,,1.0,,,,,,1.0,1.0,4.0,3.0,1.0,1.0,,,2.0,1.0,1.0,1.0,5.0,3.0,2.0,,0.0,4.0
Brunei Darussalam,51.0,49.0,60.0,57.0,55.0,48.0,40.0,59.0,69.0,61.0,82.0,78.0,92.0,98.0,106.0,139.0,205.0,250.0,343.0,409.0,482.0,481.0,536.0,554.0,706.0,799.0,1042.0,1252.0,1095.0
Bulgaria,2352.0,2275.0,2284.0,2280.0,2164.0,2189.0,2263.0,2483.0,2654.0,2977.0,2860.0,3544.0,3441.0,3943.0,3804.0,3640.0,3970.0,3987.0,4033.0,3933.0,4269.0,4887.0,5541.0,6620.0,7130.0,7502.0,7537.0,7901.0,8332.0
Burkina Faso,64.0,93.0,125.0,110.0,90.0,106.0,113.0,172.0,167.0,177.0,244.0,241.0,274.0,299.0,305.0,377.0,459.0,399.0,457.0,542.0,539.0,553.0,601.0,676.0,743.0,862.0,993.0,1023.0,1114.0
Burundi,24.0,29.0,10.0,17.0,5.0,7.0,4.0,13.0,11.0,11.0,14.0,21.0,10.0,13.0,35.0,30.0,34.0,37.0,42.0,51.0,51.0,56.0,86.0,88.0,128.0,121.0,131.0,126.0,158.0
Cambodia,10.0,14.0,15.0,27.0,26.0,30.0,47.0,53.0,83.0,83.0,106.0,143.0,136.0,168.0,181.0,190.0,226.0,246.0,277.0,330.0,395.0,403.0,464.0,490.0,541.0,576.0,662.0,616.0,659.0
Cameroon,181.0,216.0,216.0,207.0,220.0,247.0,293.0,360.0,401.0,467.0,577.0,601.0,627.0,692.0,733.0,828.0,864.0,1004.0,1118.0,1176.0,1298.0,1517.0,1629.0,1823.0,2192.0,2551.0,2721.0,2805.0,3160.0
Canada,42923.0,43074.0,42110.0,41605.0,43595.0,43099.0,47151.0,52015.0,57849.0,65232.0,69117.0,71012.0,73445.0,79076.0,81229.0,83289.0,87478.0,89780.0,91776.0,93709.0,95727.0,97585.0,101779.0,105483.0,110399.0,118359.0,117327.0,113049.0,117420.0
Cape Verde,2.0,1.0,1.0,3.0,1.0,2.0,1.0,5.0,2.0,2.0,12.0,6.0,8.0,15.0,15.0,6.0,16.0,29.0,35.0,36.0,35.0,47.0,38.0,51.0,71.0,76.0,85.0,85.0,92.0
Cayman Islands,4.0,4.0,3.0,3.0,2.0,6.0,5.0,5.0,6.0,9.0,14.0,6.0,18.0,23.0,17.0,33.0,17.0,13.0,17.0,16.0,15.0,18.0,27.0,25.0,29.0,38.0,32.0,36.0,44.0
Central African Republic,16.0,25.0,21.0,23.0,14.0,14.0,11.0,25.0,25.0,23.0,26.0,24.0,26.0,31.0,29.0,38.0,38.0,34.0,46.0,40.0,70.0,51.0,64.0,54.0,79.0,79.0,85.0,89.0,98.0
Chad,4.0,7.0,3.0,7.0,5.0,11.0,11.0,13.0,22.0,26.0,33.0,21.0,22.0,30.0,16.0,28.0,22.0,27.0,31.0,35.0,44.0,61.0,55.0,69.0,71.0,105.0,118.0,134.0,173.0
Chile,1778.0,1998.0,1927.0,2131.0,2260.0,2380.0,2912.0,3173.0,3511.0,3930.0,4812.0,5108.0,5799.0,6386.0,6778.0,7510.0,8396.0,8811.0,10397.0,11142.0,12618.0,12983.0,14494.0,15489.0,17779.0,19420.0,18258.0,18637.0,20014.0
China,30934.0,36237.0,42722.0,43380.0,51405.0,65423.0,68261.0,81037.0,116456.0,170228.0,199705.0,221352.0,258606.0,303877.0,335910.0,385093.0,410300.0,447782.0,478885.0,454446.0,491343.0,535374.0,594466.0,708055.0,790175.0,881698.0,1018973.0,1048739.0,1190419.0
Christmas Island,,,1.0,1.0,,,,,,,1.0,,,,1.0,,,2.0,,,,1.0,,,,,,,
Cocos (Keeling) Islands,,1.0,,,,,1.0,,,,2.0,4.0,,4.0,1.0,1.0,,,,,,,,,,,,,
Colombia,579.0,663.0,645.0,758.0,875.0,836.0,1049.0,1151.0,1351.0,1575.0,2180.0,2438.0,3498.0,4162.0,4757.0,5513.0,6429.0,7086.0,7907.0,8754.0,10211.0,11400.0,12695.0,14586.0,16164.0,17014.0,16467.0,16536.0,17025.0
Comoros,1.0,2.0,,3.0,2.0,2.0,1.0,2.0,2.0,5.0,2.0,9.0,2.0,3.0,6.0,11.0,5.0,19.0,5.0,8.0,17.0,13.0,20.0,20.0,21.0,22.0,18.0,43.0,38.0
Congo,44.0,45.0,66.0,51.0,51.0,38.0,53.0,82.0,91.0,120.0,148.0,159.0,152.0,173.0,215.0,245.0,287.0,332.0,437.0,429.0,427.0,414.0,452.0,435.0,407.0,438.0,473.0,425.0,498.0
Cook Islands,3.0,1.0,1.0,1.0,2.0,,1.0,,,1.0,1.0,6.0,,3.0,4.0,8.0,8.0,7.0,10.0,7.0,8.0,9.0,7.0,9.0,7.0,4.0,11.0,16.0,10.0
Costa Rica,268.0,286.0,263.0,224.0,228.0,280.0,300.0,297.0,384.0,430.0,447.0,490.0,485.0,530.0,573.0,590.0,649.0,635.0,796.0,809.0,950.0,1043.0,1146.0,1333.0,1540.0,1670.0,1641.0,1567.0,1696.0
Croatia,1787.0,1711.0,1867.0,1941.0,2230.0,2332.0,2642.0,3107.0,3241.0,3896.0,3859.0,4480.0,4788.0,5458.0,5596.0,6395.0,6398.0,6342.0,6221.0,6374.0,6438.0,6973.0,7464.0,7768.0,8645.0,9733.0,9811.0,9792.0,9289.0
Cuba,796.0,942.0,1168.0,1272.0,1288.0,1383.0,1373.0,1142.0,1189.0,1440.0,1828.0,1781.0,1778.0,2066.0,1917.0,2233.0,2262.0,2303.0,2290.0,2163.0,2010.0,1939.0,2049.0,2278.0,2486.0,2773.0,2500.0,2142.0,2104.0
Curaçao,0.0,,,,,,,,,,,,,,,,,,1.0,,,,,12.0,32.0,42.0,60.0,66.0,61.0
Cyprus,162.0,215.0,234.0,227.0,265.0,230.0,329.0,333.0,473.0,586.0,659.0,799.0,934.0,1220.0,1382.0,1477.0,1613.0,1867.0,1788.0,1888.0,2188.0,2574.0,2775.0,3134.0,3674.0,4157.0,4465.0,4652.0,4913.0
Czech Republic,5447.0,5857.0,5946.0,6312.0,6662.0,7276.0,7742.0,8547.0,9380.0,10467.0,11735.0,13074.0,13917.0,14665.0,16416.0,17677.0,18733.0,19710.0,22282.0,23402.0,23808.0,24938.0,24660.0,25982.0,25821.0,27037.0,25635.0,24976.0,25996.0
Côte d’Ivoire,110.0,182.0,182.0,187.0,153.0,127.0,141.0,180.0,189.0,183.0,203.0,252.0,322.0,311.0,316.0,347.0,380.0,316.0,358.0,400.0,390.0,426.0,550.0,661.0,694.0,881.0,784.0,836.0,839.0
Democratic Republic Congo,24.0,12.0,14.0,29.0,11.0,7.0,15.0,6.0,12.0,17.0,20.0,18.0,27.0,49.0,42.0,42.0,54.0,45.0,36.0,83.0,96.0,157.0,175.0,279.0,465.0,644.0,708.0,740.0,777.0
Denmark,8127.0,9351.0,9512.0,9470.0,9939.0,9863.0,10067.0,11038.0,11617.0,12552.0,13156.0,13799.0,14328.0,15562.0,16686.0,18561.0,20300.0,21445.0,23400.0,24722.0,25334.0,26103.0,27155.0,28088.0,30081.0,32268.0,31818.0,31747.0,32906.0
Djibouti,6.0,7.0,5.0,1.0,2.0,2.0,2.0,4.0,5.0,7.0,7.0,11.0,9.0,16.0,14.0,14.0,19.0,19.0,24.0,17.0,20.0,23.0,21.0,21.0,35.0,69.0,39.0,58.0,68.0
Dominica,3.0,2.0,7.0,,,8.0,3.0,8.0,5.0,11.0,11.0,10.0,7.0,9.0,20.0,20.0,29.0,31.0,24.0,36.0,35.0,42.0,34.0,27.0,22.0,26.0,27.0,24.0,29.0
Dominican Republic,38.0,27.0,23.0,29.0,34.0,23.0,22.0,27.0,36.0,42.0,42.0,56.0,63.0,51.0,55.0,75.0,82.0,117.0,104.0,135.0,137.0,167.0,191.0,264.0,314.0,369.0,408.0,408.0,470.0
Ecuador,96.0,158.0,153.0,134.0,139.0,127.0,170.0,202.0,207.0,283.0,295.0,335.0,390.0,474.0,436.0,469.0,607.0,700.0,969.0,1642.0,2407.0,3540.0,4553.0,5102.0,5845.0,6040.0,6784.0,7110.0,8049.0
Egypt,2930.0,2945.0,3002.0,2983.0,3289.0,3536.0,3730.0,4475.0,4522.0,4722.0,5223.0,5838.0,6551.0,8325.0,9223.0,10864.0,12904.0,14264.0,15146.0,16449.0,18843.0,18735.0,21303.0,24783.0,31191.0,37013.0,41951.0,40679.0,41897.0
El Salvador,17.0,26.0,7.0,16.0,17.0,25.0,33.0,23.0,56.0,45.0,46.0,38.0,40.0,70.0,91.0,92.0,87.0,76.0,99.0,148.0,141.0,122.0,135.0,115.0,111.0,176.0,218.0,236.0,215.0
Equatorial Guinea,2.0,6.0,1.0,6.0,,4.0,3.0,4.0,9.0,5.0,8.0,10.0,6.0,14.0,11.0,8.0,11.0,9.0,14.0,16.0,26.0,15.0,20.0,19.0,15.0,30.0,23.0,28.0,19.0
Eritrea,5.0,4.0,18.0,12.0,13.0,17.0,25.0,26.0,25.0,31.0,45.0,52.0,24.0,27.0,25.0,35.0,14.0,28.0,30.0,29.0,28.0,37.0,50.0,60.0,67.0,79.0,86.0,73.0,80.0
Estonia,586.0,611.0,669.0,677.0,653.0,724.0,744.0,825.0,940.0,1076.0,1281.0,1501.0,1637.0,1743.0,2111.0,2214.0,2398.0,2578.0,2879.0,2829.0,2954.0,3131.0,3241.0,3705.0,3892.0,4284.0,4169.0,4231.0,4192.0
Eswatini,19.0,26.0,35.0,21.0,26.0,16.0,27.0,27.0,19.0,39.0,36.0,35.0,53.0,72.0,106.0,90.0,80.0,87.0,91.0,100.0,101.0,135.0,148.0,158.0,163.0,164.0,192.0,179.0,146.0
Ethiopia,264.0,254.0,247.0,282.0,247.0,256.0,294.0,353.0,372.0,415.0,505.0,590.0,604.0,727.0,803.0,1024.0,1235.0,1439.0,1801.0,1861.0,2113.0,2866.0,3558.0,4577.0,6564.0,8725.0,11268.0,10302.0,12234.0
Falkland Islands (Malvinas),1.0,3.0,9.0,9.0,9.0,6.0,18.0,24.0,20.0,27.0,18.0,34.0,16.0,15.0,21.0,18.0,28.0,24.0,14.0,25.0,22.0,21.0,28.0,30.0,19.0,37.0,20.0,27.0,18.0
Faroe Islands,9.0,6.0,14.0,11.0,10.0,10.0,12.0,10.0,17.0,28.0,19.0,18.0,33.0,19.0,41.0,36.0,47.0,37.0,54.0,63.0,75.0,81.0,92.0,114.0,68.0,110.0,149.0,110.0,135.0
Federated States of Micronesia,4.0,1.0,9.0,5.0,6.0,4.0,,9.0,9.0,17.0,10.0,19.0,10.0,14.0,26.0,8.0,12.0,13.0,14.0,16.0,12.0,23.0,21.0,14.0,32.0,18.0,18.0,19.0,18.0
Fiji,30.0,42.0,45.0,50.0,59.0,56.0,63.0,86.0,106.0,109.0,149.0,169.0,140.0,140.0,135.0,155.0,177.0,215.0,264.0,245.0,337.0,340.0,354.0,390.0,471.0,496.0,508.0,499.0,451.0
Finland,7975.0,8584.0,8892.0,8886.0,9667.0,9938.0,10128.0,10938.0,11874.0,12599.0,13193.0,13388.0,13809.0,14791.0,15177.0,15819.0,16565.0,17428.0,18231.0,18853.0,19407.0,19509.0,20031.0,21060.0,21814.0,23231.0,23366.0,22742.0,24537.0
France,55318.0,59957.0,60231.0,60882.0,61827.0,62882.0,64855.0,69471.0,73360.0,80030.0,84396.0,86285.0,90665.0,96828.0,98869.0,102626.0,106434.0,109934.0,111116.0,112086.0,113869.0,114581.0,113483.0,113339.0,115344.0,119375.0,115683.0,111330.0,112837.0
French Guiana,20.0,19.0,22.0,28.0,24.0,21.0,31.0,30.0,44.0,54.0,55.0,60.0,52.0,53.0,50.0,53.0,73.0,82.0,70.0,81.0,99.0,73.0,102.0,96.0,131.0,126.0,106.0,121.0,137.0
French Polynesia,42.0,45.0,45.0,39.0,41.0,33.0,43.0,39.0,40.0,40.0,49.0,63.0,61.0,77.0,71.0,80.0,112.0,76.0,93.0,126.0,129.0,114.0,150.0,162.0,168.0,171.0,138.0,152.0,142.0
French Southern Territories,,,1.0,,,1.0,1.0,,,,,,1.0,,,,,,,,,,1.0,,1.0,,,,
Gabon,45.0,56.0,66.0,66.0,47.0,55.0,62.0,64.0,87.0,106.0,113.0,90.0,105.0,117.0,109.0,159.0,130.0,166.0,189.0,184.0,175.0,185.0,187.0,209.0,196.0,292.0,338.0,270.0,315.0
Gambia,69.0,66.0,67.0,73.0,62.0,67.0,60.0,78.0,80.0,86.0,105.0,96.0,109.0,111.0,113.0,93.0,124.0,144.0,154.0,166.0,170.0,185.0,148.0,190.0,239.0,294.0,312.0,323.0,347.0
Georgia,320.0,369.0,363.0,380.0,436.0,472.0,424.0,412.0,511.0,654.0,655.0,559.0,649.0,745.0,672.0,888.0,963.0,951.0,988.0,1173.0,1480.0,1528.0,1762.0,2252.0,2074.0,2058.0,2052.0,2189.0,2240.0
Germany,76155.0,83983.0,84865.0,84761.0,87276.0,89850.0,92882.0,98998.0,105103.0,116341.0,119437.0,122085.0,125478.0,133238.0,138202.0,143322.0,151150.0,153984.0,157421.0,160885.0,165747.0,169022.0,171481.0,174693.0,178280.0,192469.0,187192.0,181342.0,185893.0
Ghana,194.0,226.0,220.0,230.0,221.0,212.0,232.0,261.0,323.0,366.0,390.0,512.0,547.0,678.0,754.0,936.0,1079.0,1175.0,1387.0,1651.0,2053.0,2326.0,2849.0,3453.0,4229.0,5136.0,6148.0,6261.0,7006.0
Gibraltar,,,1.0,1.0,1.0,1.0,2.0,2.0,3.0,3.0,6.0,11.0,8.0,5.0,3.0,7.0,6.0,11.0,13.0,19.0,13.0,7.0,7.0,7.0,14.0,46.0,61.0,66.0,70.0
Greece,5110.0,5570.0,5817.0,5975.0,6748.0,7175.0,7999.0,8848.0,10241.0,11988.0,13881.0,14446.0,15351.0,16300.0,16381.0,16648.0,17073.0,17143.0,17245.0,17175.0,17473.0,17724.0,18232.0,19330.0,20721.0,23752.0,24012.0,24103.0,24715.0
Greenland,11.0,11.0,14.0,14.0,24.0,16.0,25.0,34.0,42.0,38.0,43.0,46.0,45.0,34.0,68.0,74.0,100.0,109.0,105.0,124.0,106.0,107.0,126.0,133.0,117.0,160.0,140.0,164.0,168.0
Grenada,8.0,6.0,4.0,6.0,4.0,5.0,6.0,14.0,13.0,17.0,40.0,66.0,78.0,46.0,52.0,77.0,100.0,100.0,133.0,109.0,122.0,198.0,215.0,206.0,244.0,271.0,255.0,249.0,256.0
Guadeloupe,61.0,48.0,43.0,44.0,47.0,28.0,39.0,36.0,47.0,48.0,78.0,82.0,84.0,135.0,78.0,64.0,86.0,112.0,119.0,85.0,86.0,53.0,54.0,58.0,66.0,79.0,89.0,70.0,66.0
Guam,36.0,34.0,33.0,38.0,21.0,36.0,30.0,26.0,38.0,34.0,35.0,34.0,34.0,38.0,32.0,64.0,44.0,66.0,49.0,40.0,32.0,42.0,53.0,46.0,72.0,71.0,79.0,76.0,83.0
Guatemala,62.0,59.0,61.0,63.0,51.0,52.0,54.0,66.0,79.0,113.0,83.0,93.0,104.0,139.0,124.0,133.0,190.0,196.0,194.0,259.0,266.0,304.0,284.0,304.0,396.0,446.0,457.0,433.0,472.0
Guinea,16.0,8.0,13.0,11.0,7.0,26.0,21.0,13.0,24.0,17.0,40.0,30.0,33.0,28.0,31.0,35.0,40.0,40.0,61.0,102.0,117.0,131.0,89.0,123.0,146.0,177.0,167.0,172.0,171.0
Guinea-Bissau,11.0,12.0,8.0,17.0,5.0,8.0,14.0,20.0,22.0,23.0,11.0,29.0,19.0,21.0,20.0,29.0,35.0,37.0,57.0,35.0,52.0,57.0,50.0,57.0,60.0,66.0,65.0,57.0,60.0
Guyana,8.0,23.0,9.0,23.0,22.0,19.0,19.0,16.0,23.0,29.0,26.0,30.0,22.0,39.0,38.0,23.0,34.0,28.0,29.0,33.0,36.0,35.0,60.0,91.0,116.0,109.0,128.0,146.0,181.0
Haïti,6.0,8.0,14.0,4.0,14.0,9.0,16.0,15.0,17.0,28.0,36.0,28.0,30.0,34.0,41.0,66.0,54.0,79.0,103.0,108.0,104.0,123.0,98.0,116.0,132.0,148.0,165.0,145.0,144.0
Heard Island and McDonald Islands,,,,,,,,,,,,,,,,1.0,,,,,1.0,,,,,,,,
Honduras,25.0,29.0,31.0,38.0,30.0,18.0,33.0,30.0,38.0,37.0,41.0,37.0,40.0,65.0,66.0,70.0,83.0,81.0,78.0,99.0,89.0,138.0,172.0,217.0,378.0,349.0,395.0,462.0,502.0
Hong Kong,4501.0,5642.0,6260.0,6516.0,7541.0,8302.0,8688.0,10055.0,10976.0,11975.0,12959.0,12730.0,12897.0,14020.0,14289.0,14907.0,15454.0,16497.0,17260.0,17675.0,18721.0,20170.0,21726.0,23000.0,23870.0,27129.0,30466.0,32578.0,37434.0
Hungary,4633.0,5225.0,5714.0,5376.0,5852.0,5791.0,6169.0,6529.0,6854.0,7660.0,7742.0,8201.0,8787.0,8622.0,8586.0,9413.0,9816.0,9726.0,10278.0,10259.0,10499.0,10878.0,11410.0,11935.0,12810.0,13914.0,14422.0,14982.0,16345.0
Iceland,317.0,348.0,396.0,381.0,366.0,399.0,483.0,493.0,532.0,645.0,671.0,737.0,813.0,993.0,1152.0,1130.0,1270.0,1275.0,1330.0,1429.0,1570.0,1560.0,1664.0,1738.0,1732.0,1910.0,2013.0,1959.0,2090.0
India,21122.0,22164.0,22639.0,23869.0,24553.0,25855.0,28186.0,31679.0,34234.0,39178.0,45013.0,49688.0,56787.0,64849.0,76134.0,92580.0,102517.0,109045.0,124097.0,133183.0,144648.0,149474.0,164063.0,185595.0,196605.0,217851.0,247505.0,274329.0,302793.0
Indonesia,601.0,622.0,611.0,643.0,752.0,678.0,744.0,814.0,978.0,1185.0,1372.0,1303.0,1497.0,2042.0,2678.0,3372.0,3925.0,5189.0,6708.0,8273.0,12348.0,22044.0,34278.0,48640.0,52793.0,53384.0,45451.0,59443.0,62345.0
Iran,842.0,1077.0,1220.0,1435.0,1856.0,2208.0,3176.0,4518.0,5932.0,8287.0,11631.0,14970.0,19671.0,24059.0,29318.0,38942.0,40282.0,40873.0,43902.0,44854.0,51508.0,55019.0,57617.0,65538.0,71367.0,74764.0,75144.0,70780.0,72349.0
Iraq,96.0,105.0,84.0,75.0,103.0,104.0,121.0,142.0,123.0,191.0,336.0,323.0,438.0,584.0,796.0,1066.0,1401.0,1718.0,1951.0,2138.0,3127.0,4353.0,9219.0,14407.0,19194.0,17508.0,19904.0,26064.0,27916.0
Ireland,2737.0,2975.0,3173.0,3205.0,3612.0,3749.0,4187.0,4622.0,5575.0,6853.0,7293.0,8025.0,8653.0,9757.0,10698.0,11202.0,11207.0,11532.0,11850.0,11803.0,12690.0,13117.0,13967.0,14904.0,16409.0,18649.0,18167.0,18159.0,19181.0
Israel,10721.0,11188.0,10985.0,11022.0,11956.0,12104.0,12668.0,13467.0,14031.0,14356.0,15216.0,15382.0,15726.0,15934.0,15991.0,16516.0,17291.0,17333.0,18063.0,18865.0,19333.0,19731.0,20644.0,21222.0,22553.0,24482.0,24327.0,23990.0,24529.0
Italy,39253.0,41011.0,40430.0,40988.0,43048.0,44535.0,47284.0,52525.0,55729.0,60669.0,64441.0,68981.0,71967.0,76565.0,78192.0,81618.0,87767.0,93484.0,96784.0,100798.0,102875.0,106670.0,110298.0,117491.0,130621.0,140932.0,138975.0,138705.0,144985.0
Jamaica,174.0,142.0,146.0,173.0,153.0,196.0,199.0,202.0,234.0,205.0,215.0,242.0,294.0,308.0,237.0,301.0,326.0,336.0,348.0,312.0,308.0,326.0,350.0,335.0,363.0,391.0,361.0,349.0,386.0
Japan,89848.0,96784.0,97192.0,100370.0,103007.0,102169.0,105644.0,110572.0,114313.0,123918.0,126127.0,120022.0,117852.0,124039.0,123843.0,125723.0,127056.0,128973.0,123816.0,119991.0,122878.0,125690.0,127921.0,127390.0,130595.0,137664.0,133589.0,126002.0,129428.0
Jordan,450.0,525.0,595.0,611.0,679.0,678.0,753.0,863.0,975.0,1084.0,1335.0,1554.0,1842.0,2020.0,2341.0,2415.0,2538.0,2437.0,2494.0,2562.0,2960.0,3469.0,4296.0,5337.0,6501.0,7696.0,9249.0,11205.0,13405.0
Kazakhstan,256.0,201.0,247.0,213.0,239.0,247.0,290.0,358.0,338.0,372.0,336.0,364.0,359.0,426.0,474.0,553.0,809.0,1769.0,2363.0,2489.0,3414.0,3578.0,4078.0,5089.0,5685.0,5915.0,6221.0,6885.0,8794.0
Kenya,638.0,675.0,601.0,618.0,612.0,668.0,742.0,829.0,863.0,901.0,1004.0,1162.0,1223.0,1381.0,1572.0,1824.0,1798.0,1991.0,2296.0,2421.0,2581.0,2856.0,3095.0,3502.0,4275.0,4953.0,5103.0,5000.0,5001.0
Kiribati,1.0,1.0,,,,1.0,,2.0,,,8.0,7.0,,1.0,1.0,,1.0,5.0,7.0,6.0,6.0,6.0,3.0,15.0,16.0,11.0,12.0,13.0,10.0
Kuwait,610.0,631.0,700.0,722.0,629.0,657.0,655.0,721.0,784.0,864.0,925.0,973.0,1093.0,1170.0,1140.0,1204.0,1249.0,1347.0,1313.0,1448.0,1499.0,1662.0,1835.0,2236.0,2363.0,2762.0,3057.0,3511.0,4411.0
Kyrgyzstan,38.0,30.0,41.0,40.0,42.0,43.0,43.0,34.0,48.0,84.0,82.0,75.0,99.0,77.0,74.0,102.0,109.0,149.0,136.0,151.0,230.0,261.0,303.0,439.0,561.0,633.0,630.0,745.0,1136.0
Laos,11.0,11.0,13.0,11.0,18.0,15.0,23.0,38.0,69.0,65.0,90.0,71.0,104.0,97.0,120.0,147.0,194.0,194.0,198.0,225.0,258.0,229.0,288.0,333.0,310.0,343.0,312.0,294.0,338.0
Latvia,391.0,510.0,442.0,473.0,415.0,455.0,484.0,433.0,468.0,661.0,599.0,696.0,888.0,927.0,1049.0,1666.0,1538.0,1627.0,1595.0,2001.0,2017.0,2413.0,2340.0,2662.0,2730.0,3178.0,3042.0,3336.0,3156.0
Lebanon,268.0,340.0,352.0,432.0,523.0,554.0,552.0,644.0,722.0,847.0,1003.0,1063.0,1156.0,1254.0,1314.0,1509.0,1764.0,1924.0,2164.0,2316.0,2664.0,2883.0,3404.0,3651.0,4198.0,4142.0,4218.0,5936.0,7143.0
Lesotho,17.0,12.0,7.0,14.0,13.0,15.0,18.0,11.0,18.0,21.0,26.0,26.0,34.0,32.0,27.0,36.0,44.0,39.0,36.0,47.0,53.0,53.0,54.0,96.0,102.0,120.0,160.0,151.0,154.0
Liberia,3.0,1.0,2.0,,3.0,3.0,4.0,4.0,4.0,3.0,9.0,8.0,9.0,7.0,12.0,22.0,22.0,31.0,32.0,57.0,82.0,82.0,86.0,109.0,79.0,124.0,217.0,260.0,294.0
Libya,60.0,73.0,83.0,66.0,86.0,68.0,63.0,86.0,109.0,132.0,152.0,183.0,235.0,352.0,500.0,270.0,351.0,477.0,493.0,439.0,379.0,455.0,486.0,548.0,685.0,1060.0,1018.0,1111.0,1196.0
Liechtenstein,17.0,32.0,12.0,26.0,31.0,16.0,19.0,38.0,48.0,70.0,69.0,56.0,88.0,67.0,105.0,97.0,106.0,101.0,128.0,115.0,127.0,123.0,127.0,130.0,128.0,153.0,160.0,164.0,142.0
Lithuania,586.0,627.0,691.0,795.0,813.0,856.0,1248.0,1265.0,1626.0,1982.0,2257.0,2225.0,2982.0,2824.0,2931.0,3140.0,3018.0,3030.0,3362.0,3506.0,3450.0,3711.0,3942.0,4507.0,5020.0,5339.0,5270.0,5366.0,5679.0
Luxembourg,83.0,107.0,105.0,91.0,117.0,123.0,139.0,185.0,274.0,304.0,432.0,460.0,622.0,824.0,963.0,1161.0,1277.0,1547.0,1821.0,1786.0,1869.0,1948.0,2103.0,2235.0,2316.0,2589.0,2792.0,2898.0,2996.0
Macao,13.0,15.0,36.0,32.0,45.0,46.0,77.0,102.0,148.0,220.0,277.0,266.0,375.0,453.0,579.0,655.0,906.0,1187.0,1420.0,1637.0,2147.0,2433.0,2481.0,2213.0,2628.0,3352.0,4684.0,5167.0,6709.0
Macedonia,118.0,180.0,131.0,144.0,177.0,209.0,212.0,220.0,273.0,314.0,353.0,427.0,518.0,606.0,556.0,718.0,742.0,796.0,896.0,905.0,866.0,925.0,976.0,1062.0,1079.0,1128.0,1283.0,1259.0,1210.0
Madagascar,77.0,69.0,75.0,100.0,102.0,101.0,81.0,131.0,108.0,130.0,143.0,209.0,195.0,197.0,202.0,237.0,244.0,279.0,283.0,306.0,289.0,344.0,349.0,342.0,434.0,511.0,462.0,480.0,450.0
Malawi,97.0,100.0,84.0,109.0,115.0,120.0,123.0,143.0,157.0,169.0,196.0,259.0,288.0,280.0,323.0,387.0,416.0,410.0,480.0,522.0,575.0,707.0,762.0,826.0,960.0,1178.0,1179.0,1158.0,1191.0
Malaysia,1067.0,1206.0,1242.0,1411.0,1727.0,1539.0,1905.0,2383.0,2801.0,3413.0,4405.0,5168.0,7777.0,11245.0,15399.0,20131.0,22139.0,24525.0,28010.0,27118.0,29542.0,32391.0,32861.0,36474.0,37170.0,40102.0,42033.0,42626.0,46625.0
Maldives,11.0,1.0,4.0,3.0,1.0,10.0,1.0,10.0,6.0,12.0,8.0,14.0,9.0,7.0,9.0,18.0,22.0,16.0,22.0,24.0,19.0,31.0,30.0,44.0,96.0,86.0,124.0,128.0,165.0
Mali,54.0,55.0,79.0,53.0,37.0,60.0,69.0,84.0,87.0,98.0,137.0,142.0,139.0,171.0,160.0,209.0,233.0,203.0,205.0,261.0,252.0,299.0,281.0,329.0,359.0,415.0,439.0,371.0,407.0
Malta,53.0,73.0,69.0,78.0,76.0,80.0,86.0,120.0,99.0,160.0,173.0,176.0,261.0,262.0,311.0,328.0,438.0,494.0,534.0,604.0,679.0,785.0,852.0,862.0,1024.0,1150.0,1291.0,1210.0,1251.0
Marshall Islands,2.0,7.0,1.0,1.0,3.0,4.0,1.0,5.0,6.0,5.0,10.0,7.0,2.0,5.0,4.0,5.0,4.0,2.0,6.0,8.0,5.0,4.0,10.0,8.0,7.0,11.0,10.0,7.0,8.0
Martinique,29.0,39.0,24.0,19.0,22.0,13.0,15.0,10.0,24.0,34.0,24.0,24.0,30.0,35.0,26.0,37.0,49.0,50.0,51.0,55.0,67.0,49.0,43.0,47.0,57.0,50.0,61.0,39.0,65.0
Mauritania,10.0,11.0,11.0,15.0,18.0,19.0,20.0,17.0,16.0,37.0,25.0,23.0,22.0,24.0,20.0,34.0,36.0,42.0,41.0,37.0,55.0,47.0,63.0,77.0,91.0,111.0,93.0,138.0,159.0
Mauritius,23.0,28.0,43.0,66.0,72.0,68.0,83.0,71.0,89.0,107.0,90.0,93.0,103.0,129.0,147.0,125.0,193.0,207.0,211.0,216.0,280.0,325.0,305.0,491.0,443.0,486.0,482.0,418.0,454.0
Mayotte,,,1.0,2.0,,,,2.0,3.0,5.0,7.0,8.0,7.0,7.0,4.0,11.0,7.0,2.0,7.0,1.0,3.0,5.0,6.0,7.0,13.0,4.0,9.0,11.0,6.0
Mexico,4894.0,5472.0,5910.0,6332.0,6535.0,7014.0,7675.0,8881.0,9692.0,11049.0,12470.0,12618.0,13733.0,14620.0,15232.0,16247.0,17314.0,18316.0,19689.0,20166.0,21545.0,23049.0,24522.0,27035.0,29246.0,31179.0,30712.0,29600.0,30788.0
Moldova,246.0,220.0,228.0,218.0,251.0,223.0,242.0,277.0,236.0,350.0,303.0,278.0,305.0,360.0,308.0,365.0,412.0,415.0,456.0,387.0,560.0,509.0,471.0,579.0,639.0,662.0,615.0,670.0,725.0
Monaco,37.0,40.0,55.0,42.0,28.0,49.0,40.0,47.0,80.0,90.0,78.0,79.0,87.0,113.0,91.0,107.0,93.0,119.0,104.0,133.0,145.0,170.0,165.0,229.0,233.0,251.0,260.0,203.0,225.0
Mongolia,42.0,50.0,50.0,51.0,60.0,56.0,56.0,95.0,94.0,105.0,123.0,219.0,213.0,254.0,264.0,246.0,309.0,386.0,325.0,320.0,374.0,437.0,505.0,627.0,692.0,842.0,851.0,944.0,1076.0
Montenegro,9.0,9.0,10.0,29.0,14.0,37.0,35.0,43.0,34.0,72.0,89.0,95.0,129.0,152.0,200.0,238.0,283.0,332.0,393.0,359.0,445.0,496.0,490.0,562.0,642.0,606.0,562.0,599.0,677.0
Montserrat,2.0,2.0,6.0,,3.0,2.0,11.0,7.0,2.0,5.0,5.0,5.0,4.0,4.0,3.0,5.0,8.0,7.0,8.0,9.0,7.0,6.0,4.0,5.0,5.0,8.0,10.0,6.0,13.0
Morocco,823.0,919.0,1068.0,1201.0,1252.0,1337.0,1327.0,1338.0,1428.0,1390.0,1490.0,1586.0,1832.0,2146.0,2411.0,2892.0,3410.0,3642.0,4576.0,4489.0,5905.0,6475.0,7113.0,8218.0,9614.0,10856.0,11909.0,13818.0,17030.0
Mozambique,24.0,37.0,40.0,47.0,39.0,58.0,41.0,60.0,74.0,80.0,104.0,109.0,129.0,152.0,142.0,209.0,196.0,208.0,243.0,325.0,348.0,421.0,459.0,520.0,627.0,785.0,734.0,711.0,771.0
Myanmar,15.0,16.0,19.0,24.0,29.0,26.0,26.0,33.0,46.0,92.0,68.0,80.0,106.0,130.0,106.0,158.0,107.0,101.0,133.0,214.0,290.0,384.0,557.0,732.0,1006.0,834.0,573.0,588.0,544.0
Namibia,43.0,53.0,77.0,51.0,47.0,67.0,56.0,76.0,66.0,118.0,115.0,112.0,94.0,108.0,108.0,147.0,178.0,223.0,246.0,285.0,313.0,323.0,402.0,422.0,539.0,621.0,644.0,633.0,665.0
Nauru,,1.0,1.0,,,1.0,1.0,,1.0,2.0,1.0,,2.0,2.0,,3.0,1.0,2.0,3.0,2.0,2.0,,1.0,1.0,3.0,0.0,3.0,4.0,1.0
Nepal,99.0,117.0,149.0,150.0,170.0,195.0,201.0,339.0,346.0,449.0,539.0,586.0,538.0,610.0,674.0,726.0,860.0,901.0,954.0,1051.0,1197.0,1363.0,1536.0,1894.0,2723.0,3269.0,3469.0,3223.0,3553.0
Netherlands,22820.0,23661.0,24091.0,23160.0,24776.0,24612.0,26377.0,28540.0,30975.0,34484.0,36008.0,37103.0,38865.0,42868.0,44786.0,46328.0,49842.0,51308.0,52337.0,53118.0,54341.0,55487.0,57442.0,58738.0,62028.0,67235.0,65525.0,64043.0,67526.0
Netherlands Antilles,7.0,14.0,15.0,18.0,17.0,11.0,16.0,13.0,26.0,25.0,25.0,22.0,39.0,47.0,26.0,,,,,,,,,,,,,,
New Caledonia,57.0,55.0,66.0,48.0,67.0,58.0,41.0,66.0,69.0,97.0,127.0,126.0,135.0,154.0,158.0,100.0,148.0,151.0,179.0,191.0,164.0,166.0,178.0,184.0,188.0,182.0,200.0,165.0,157.0
New Zealand,4864.0,5238.0,5508.0,5715.0,5696.0,5851.0,5963.0,6575.0,7216.0,8218.0,8616.0,9177.0,9590.0,10284.0,10894.0,12097.0,12347.0,12731.0,13202.0,13270.0,13940.0,14561.0,15148.0,15958.0,16644.0,17255.0,17153.0,15665.0,16443.0
Nicaragua,35.0,40.0,31.0,27.0,33.0,23.0,18.0,36.0,45.0,55.0,87.0,62.0,86.0,95.0,94.0,98.0,109.0,90.0,98.0,106.0,132.0,157.0,122.0,129.0,140.0,137.0,169.0,153.0,149.0
Niger,45.0,76.0,69.0,54.0,50.0,39.0,39.0,52.0,46.0,57.0,67.0,63.0,85.0,113.0,139.0,107.0,105.0,104.0,137.0,173.0,163.0,149.0,183.0,220.0,238.0,234.0,271.0,259.0,270.0
Nigeria,1187.0,1202.0,1159.0,1190.0,1295.0,1289.0,1500.0,1662.0,1884.0,2322.0,3138.0,3610.0,3877.0,4764.0,5228.0,5850.0,5617.0,5578.0,5884.0,5857.0,6651.0,7552.0,9256.0,12066.0,14283.0,16290.0,16651.0,16728.0,17636.0
Niue,,0.0,,1.0,,,,,1.0,2.0,2.0,5.0,,1.0,,,,1.0,3.0,,1.0,2.0,1.0,3.0,0.0,,0.0,1.0,5.0
Norfolk Island,,,,,3.0,,,,,1.0,,2.0,2.0,2.0,3.0,1.0,,1.0,1.0,,,1.0,0.0,,0.0,1.0,1.0,2.0,3.0
North Korea,1.0,1.0,,,2.0,,2.0,,8.0,20.0,10.0,26.0,20.0,26.0,30.0,30.0,86.0,17.0,39.0,83.0,96.0,118.0,153.0,215.0,231.0,305.0,327.0,357.0,257.0
Northern Mariana Islands,3.0,4.0,2.0,,2.0,1.0,1.0,2.0,4.0,12.0,2.0,4.0,5.0,4.0,2.0,2.0,2.0,5.0,2.0,11.0,4.0,5.0,8.0,4.0,8.0,9.0,9.0,5.0,7.0
Norway,6054.0,6604.0,6796.0,6410.0,6683.0,6846.0,6993.0,7632.0,8527.0,9871.0,10728.0,11544.0,11967.0,13775.0,14282.0,15424.0,16744.0,17042.0,18121.0,18604.0,20053.0,21260.0,22409.0,23387.0,25373.0,27178.0,27195.0,27727.0,28437.0
Oman,177.0,179.0,208.0,229.0,298.0,317.0,349.0,431.0,446.0,494.0,550.0,627.0,688.0,811.0,910.0,1033.0,1080.0,1206.0,1306.0,1524.0,1684.0,1656.0,1823.0,2214.0,2520.0,3236.0,3795.0,4023.0,5381.0
Pakistan,916.0,996.0,1178.0,1189.0,1246.0,1418.0,1575.0,1778.0,2034.0,2786.0,3428.0,4165.0,5084.0,6307.0,7328.0,8969.0,9678.0,11167.0,11369.0,12029.0,14201.0,17357.0,19771.0,24551.0,29267.0,34647.0,38452.0,37150.0,39558.0
Palau,3.0,3.0,2.0,,3.0,7.0,5.0,5.0,8.0,15.0,13.0,16.0,9.0,8.0,8.0,7.0,7.0,15.0,12.0,17.0,12.0,22.0,20.0,27.0,28.0,27.0,28.0,22.0,28.0
Palestine,26.0,43.0,50.0,59.0,63.0,79.0,112.0,128.0,149.0,149.0,182.0,248.0,259.0,300.0,317.0,381.0,425.0,493.0,568.0,504.0,570.0,775.0,824.0,994.0,1244.0,1511.0,1775.0,2181.0,2245.0
Panama,109.0,86.0,93.0,115.0,101.0,116.0,117.0,155.0,188.0,192.0,224.0,272.0,303.0,318.0,354.0,359.0,458.0,458.0,462.0,498.0,511.0,567.0,606.0,758.0,786.0,917.0,1009.0,912.0,992.0
Papua New Guinea,134.0,114.0,112.0,116.0,98.0,109.0,82.0,101.0,82.0,77.0,98.0,122.0,135.0,109.0,120.0,136.0,141.0,138.0,160.0,169.0,184.0,176.0,192.0,226.0,221.0,260.0,273.0,253.0,267.0
Paraguay,30.0,30.0,39.0,21.0,27.0,31.0,27.0,39.0,52.0,56.0,56.0,60.0,74.0,87.0,90.0,116.0,130.0,136.0,149.0,206.0,234.0,300.0,250.0,402.0,468.0,515.0,511.0,558.0,574.0
Peru,203.0,224.0,197.0,266.0,303.0,327.0,324.0,470.0,506.0,573.0,816.0,764.0,813.0,946.0,1041.0,1185.0,1282.0,1383.0,1573.0,1918.0,2200.0,2709.0,3279.0,4500.0,6207.0,7617.0,8971.0,10173.0,10419.0
Philippines,461.0,510.0,512.0,510.0,583.0,482.0,639.0,673.0,687.0,840.0,859.0,888.0,978.0,1099.0,1196.0,1530.0,1536.0,1794.0,2036.0,2576.0,2919.0,3425.0,3965.0,5290.0,5797.0,6665.0,7225.0,7810.0,9069.0
Pitcairn,,,,,,,,,,,,,,,0.0,,,,,1.0,,,0.0,,,,,,1.0
Poland,12322.0,12613.0,13124.0,13764.0,14909.0,16275.0,17982.0,19863.0,22564.0,24494.0,26634.0,26416.0,28539.0,29267.0,30162.0,31809.0,35223.0,37771.0,39913.0,41979.0,44994.0,46340.0,49182.0,52436.0,56434.0,59935.0,56595.0,55501.0,57218.0
Portugal,2818.0,3354.0,3627.0,4152.0,4412.0,4968.0,5379.0,6391.0,7189.0,8230.0,10025.0,10469.0,12164.0,13434.0,15098.0,17164.0,19015.0,20454.0,21426.0,22306.0,22695.0,23533.0,24767.0,27646.0,29890.0,33101.0,33301.0,33402.0,34052.0
Puerto Rico,469.0,492.0,494.0,465.0,465.0,449.0,444.0,621.0,602.0,754.0,924.0,881.0,979.0,894.0,942.0,939.0,897.0,791.0,792.0,713.0,796.0,792.0,807.0,805.0,915.0,980.0,1084.0,1207.0,1196.0
Qatar,70.0,66.0,76.0,65.0,66.0,110.0,128.0,159.0,198.0,258.0,298.0,374.0,529.0,597.0,744.0,920.0,1274.0,1784.0,2607.0,3064.0,3617.0,3599.0,3757.0,4246.0,5144.0,5781.0,5811.0,5815.0,6485.0
Republic of South Sudan,,,,,,,,,,1.0,,,1.0,,,4.0,,3.0,18.0,12.0,16.0,18.0,23.0,21.0,56.0,78.0,119.0,80.0,107.0
Reunion,15.0,5.0,7.0,9.0,8.0,13.0,13.0,9.0,21.0,28.0,37.0,47.0,41.0,41.0,43.0,32.0,52.0,48.0,48.0,41.0,54.0,56.0,54.0,40.0,60.0,68.0,89.0,52.0,55.0
Romania,2232.0,2665.0,2790.0,2826.0,3078.0,3145.0,3297.0,3748.0,3971.0,4810.0,5199.0,6656.0,8946.0,11297.0,13132.0,13315.0,14050.0,14852.0,14688.0,14924.0,14618.0,15768.0,15580.0,17550.0,17027.0,18418.0,18720.0,18922.0,19043.0
Russian Federation,32304.0,33326.0,34628.0,33312.0,34468.0,36428.0,37060.0,37151.0,37750.0,39516.0,35361.0,35908.0,37101.0,38749.0,39375.0,42653.0,43774.0,48415.0,57645.0,67569.0,81741.0,89920.0,104145.0,123848.0,130971.0,130532.0,112379.0,109115.0,95026.0
Rwanda,25.0,21.0,23.0,10.0,7.0,11.0,9.0,16.0,25.0,24.0,45.0,55.0,72.0,87.0,132.0,151.0,168.0,229.0,256.0,298.0,336.0,371.0,455.0,545.0,770.0,961.0,1050.0,1120.0,1290.0
Saint Helena,,1.0,,1.0,1.0,,,,,1.0,,,1.0,3.0,,1.0,,3.0,3.0,2.0,4.0,13.0,6.0,4.0,4.0,8.0,3.0,2.0,6.0
Saint Kitts and Nevis,1.0,2.0,3.0,4.0,2.0,1.0,4.0,1.0,3.0,5.0,8.0,10.0,10.0,11.0,15.0,13.0,26.0,26.0,46.0,63.0,85.0,76.0,91.0,102.0,127.0,141.0,142.0,130.0,135.0
Saint Lucia,5.0,4.0,4.0,1.0,3.0,3.0,3.0,2.0,3.0,5.0,5.0,8.0,4.0,2.0,8.0,9.0,4.0,5.0,3.0,13.0,11.0,8.0,12.0,13.0,14.0,12.0,19.0,10.0,16.0
Saint Martin (Dutch),,,,,,,,,,,,,,,,,,,,,,,,1.0,1.0,8.0,15.0,13.0,6.0
Saint Martin (French),,,,,,,,,,,,,,,,,,,,,,,,,,3.0,4.0,2.0,8.0
Saint Pierre and Miquelon,,,,,,,1.0,,,,,1.0,,,,1.0,1.0,,,,0.0,,,,1.0,1.0,,,1.0
Saint Vincent and the Grenadines,2.0,2.0,1.0,1.0,2.0,,2.0,4.0,3.0,1.0,5.0,6.0,1.0,3.0,6.0,2.0,3.0,4.0,5.0,4.0,10.0,12.0,6.0,14.0,14.0,25.0,19.0,15.0,19.0
Samoa,4.0,9.0,9.0,10.0,7.0,11.0,11.0,8.0,8.0,10.0,19.0,9.0,12.0,22.0,17.0,21.0,11.0,16.0,27.0,23.0,23.0,32.0,35.0,43.0,71.0,85.0,76.0,76.0,60.0
San Marino,5.0,2.0,7.0,1.0,3.0,3.0,1.0,1.0,10.0,12.0,12.0,12.0,12.0,5.0,6.0,10.0,20.0,26.0,17.0,27.0,25.0,34.0,40.0,42.0,51.0,61.0,64.0,53.0,60.0
Sao Tome and Principe,4.0,1.0,1.0,,2.0,3.0,4.0,5.0,3.0,1.0,3.0,3.0,,4.0,4.0,0.0,2.0,3.0,4.0,3.0,3.0,8.0,6.0,10.0,11.0,13.0,19.0,17.0,37.0
Saudi Arabia,2019.0,2082.0,2063.0,1870.0,2002.0,1937.0,2026.0,2326.0,2316.0,2416.0,2624.0,2824.0,3251.0,4366.0,6226.0,9193.0,11861.0,14711.0,17303.0,19213.0,20350.0,21081.0,22734.0,27141.0,36352.0,46019.0,55905.0,59244.0,69478.0
Senegal,234.0,210.0,241.0,260.0,210.0,207.0,230.0,341.0,280.0,345.0,288.0,351.0,369.0,384.0,392.0,538.0,588.0,591.0,635.0,720.0,718.0,791.0,818.0,883.0,1006.0,1011.0,1112.0,1128.0,1199.0
Serbia,874.0,1066.0,925.0,914.0,978.0,978.0,1195.0,1198.0,1453.0,1979.0,2149.0,2600.0,3948.0,4708.0,5317.0,6260.0,7868.0,7256.0,7168.0,6973.0,7375.0,7631.0,7821.0,8548.0,8249.0,9243.0,9477.0,9736.0,9936.0
Seychelles,5.0,6.0,9.0,4.0,14.0,7.0,11.0,14.0,13.0,13.0,22.0,36.0,34.0,25.0,32.0,34.0,34.0,47.0,42.0,61.0,45.0,58.0,49.0,51.0,96.0,92.0,97.0,65.0,94.0
Sierra Leone,21.0,30.0,17.0,10.0,13.0,12.0,13.0,8.0,14.0,15.0,18.0,21.0,22.0,30.0,34.0,38.0,45.0,42.0,68.0,104.0,146.0,145.0,145.0,167.0,208.0,274.0,300.0,276.0,318.0
Singapore,3040.0,3922.0,4066.0,4950.0,6010.0,6132.0,6872.0,7990.0,9643.0,10457.0,11232.0,11017.0,11878.0,13042.0,14497.0,15209.0,16567.0,17454.0,18215.0,19006.0,20037.0,21008.0,21187.0,21724.0,23390.0,24329.0,25357.0,25518.0,28604.0
Slovakia,2618.0,2463.0,2627.0,2657.0,2749.0,2710.0,2813.0,3021.0,3272.0,3484.0,3725.0,4075.0,4653.0,4497.0,5028.0,5396.0,6048.0,6543.0,7774.0,7422.0,8211.0,8818.0,8437.0,9411.0,9536.0,9653.0,9224.0,9648.0,9552.0
Slovenia,1450.0,1609.0,1570.0,1915.0,2271.0,2197.0,2447.0,3021.0,2715.0,3306.0,3388.0,3900.0,4368.0,4746.0,4885.0,5469.0,5679.0,5776.0,5827.0,6026.0,6054.0,6148.0,6253.0,6708.0,7172.0,8056.0,7702.0,7437.0,8042.0
Solomon Islands,12.0,16.0,13.0,18.0,15.0,7.0,3.0,13.0,8.0,9.0,12.0,15.0,11.0,9.0,27.0,23.0,15.0,20.0,27.0,49.0,51.0,46.0,54.0,51.0,62.0,58.0,47.0,53.0,53.0
Somalia,3.0,6.0,3.0,3.0,1.0,,2.0,3.0,2.0,,5.0,0.0,5.0,4.0,10.0,7.0,6.0,12.0,18.0,19.0,15.0,35.0,26.0,60.0,91.0,121.0,260.0,308.0,538.0
South Africa,4695.0,4887.0,4955.0,5155.0,5136.0,5327.0,5813.0,6122.0,7045.0,7564.0,8421.0,8663.0,9477.0,10712.0,11734.0,13125.0,14568.0,15947.0,18662.0,18933.0,20892.0,22471.0,24088.0,26763.0,28609.0,30228.0,31101.0,29966.0,32045.0
South Georgia and the South Sandwich Islands,1.0,,,1.0,,,,,,,,,1.0,1.0,1.0,,,1.0,1.0,0.0,0.0,2.0,4.0,2.0,1.0,2.0,1.0,,2.0
South Korea,10421.0,13157.0,14358.0,17037.0,18334.0,21033.0,23245.0,27979.0,32313.0,37590.0,43507.0,47436.0,50124.0,53418.0,59363.0,64739.0,68929.0,72367.0,75894.0,79411.0,80583.0,81518.0,84077.0,89230.0,93134.0,98582.0,99254.0,98037.0,105406.0
Spain,24416.0,26929.0,27401.0,28799.0,29956.0,31522.0,34053.0,37022.0,40406.0,45915.0,50727.0,54196.0,57678.0,63585.0,67524.0,72879.0,77584.0,79566.0,82332.0,82679.0,85058.0,87207.0,90543.0,97431.0,106824.0,114520.0,111688.0,111387.0,115233.0
Sri Lanka,212.0,285.0,271.0,274.0,274.0,279.0,329.0,400.0,432.0,543.0,605.0,694.0,771.0,788.0,827.0,901.0,1030.0,1176.0,1201.0,1332.0,1831.0,2087.0,2304.0,2627.0,3014.0,3842.0,3967.0,3867.0,4092.0
Sudan,102.0,117.0,146.0,108.0,108.0,99.0,112.0,139.0,169.0,182.0,202.0,279.0,301.0,416.0,503.0,556.0,557.0,694.0,637.0,640.0,822.0,807.0,943.0,1069.0,1218.0,1637.0,1775.0,1652.0,1809.0
Suriname,5.0,6.0,5.0,11.0,5.0,11.0,9.0,7.0,12.0,16.0,9.0,18.0,17.0,13.0,13.0,12.0,26.0,34.0,21.0,38.0,57.0,43.0,50.0,64.0,60.0,68.0,51.0,86.0,64.0
Svalbard and Jan Mayen,4.0,,,1.0,,,,1.0,1.0,3.0,,2.0,,2.0,1.0,1.0,3.0,,,,3.0,3.0,6.0,13.0,3.0,10.0,,6.0,5.0
Sweden,16635.0,17708.0,18329.0,18801.0,19193.0,19409.0,19530.0,20950.0,21812.0,23702.0,24424.0,24932.0,24921.0,27046.0,28076.0,29680.0,31948.0,33498.0,35416.0,36960.0,38158.0,39158.0,40154.0,41463.0,43116.0,45807.0,45225.0,44403.0,47222.0
Switzerland,15539.0,16548.0,16855.0,17335.0,17800.0,17337.0,18257.0,20680.0,22561.0,24722.0,26456.0,27592.0,28627.0,30420.0,32392.0,34606.0,37088.0,38691.0,40069.0,41429.0,42550.0,44259.0,44897.0,45628.0,48450.0,52966.0,52053.0,50781.0,52818.0
Syrian Arab Republic,114.0,129.0,129.0,132.0,146.0,127.0,135.0,168.0,209.0,249.0,235.0,259.0,333.0,288.0,428.0,482.0,551.0,525.0,520.0,526.0,494.0,445.0,488.0,584.0,801.0,1020.0,1204.0,1271.0,1343.0
Taiwan,10850.0,11927.0,12443.0,12856.0,13586.0,15224.0,16233.0,18203.0,21372.0,25467.0,29069.0,31290.0,33810.0,37002.0,39283.0,41843.0,41870.0,42281.0,40355.0,37144.0,36385.0,35819.0,35527.0,36849.0,39359.0,43342.0,44824.0,41697.0,43378.0
Tajikistan,55.0,47.0,35.0,53.0,37.0,35.0,50.0,36.0,46.0,55.0,49.0,55.0,67.0,47.0,79.0,81.0,112.0,128.0,100.0,122.0,124.0,142.0,151.0,239.0,350.0,317.0,275.0,344.0,332.0
Tanzania,243.0,262.0,236.0,255.0,263.0,249.0,292.0,362.0,393.0,461.0,591.0,644.0,617.0,716.0,817.0,911.0,918.0,1007.0,1259.0,1306.0,1382.0,1515.0,1638.0,1993.0,2258.0,2595.0,2779.0,3047.0,3464.0
Thailand,1252.0,1455.0,1667.0,1822.0,2275.0,2373.0,2939.0,3343.0,3896.0,5001.0,6032.0,6463.0,7689.0,8294.0,9512.0,10269.0,11603.0,11817.0,12937.0,12487.0,14099.0,16074.0,18452.0,19409.0,21202.0,24371.0,27087.0,25667.0,29284.0
Timor-Leste,,,,,,1.0,0.0,2.0,2.0,2.0,8.0,7.0,5.0,4.0,2.0,4.0,13.0,12.0,26.0,23.0,26.0,39.0,42.0,41.0,43.0,50.0,53.0,76.0,105.0
Togo,29.0,34.0,58.0,57.0,44.0,39.0,32.0,49.0,46.0,45.0,51.0,64.0,73.0,91.0,86.0,103.0,101.0,125.0,160.0,162.0,158.0,152.0,192.0,234.0,251.0,290.0,355.0,319.0,439.0
Tokelau,,,,,,,,,1.0,,,,,2.0,,,,,0.0,1.0,2.0,1.0,1.0,,1.0,,1.0,2.0,1.0
Tonga,,4.0,3.0,3.0,4.0,2.0,3.0,8.0,7.0,3.0,9.0,8.0,4.0,10.0,7.0,12.0,6.0,6.0,8.0,13.0,13.0,20.0,23.0,18.0,29.0,23.0,25.0,24.0,26.0
Trinidad and Tobago,107.0,104.0,133.0,109.0,126.0,149.0,181.0,190.0,218.0,266.0,243.0,298.0,282.0,363.0,348.0,388.0,344.0,322.0,407.0,308.0,358.0,374.0,418.0,433.0,442.0,489.0,491.0,501.0,479.0
Tunisia,450.0,611.0,683.0,744.0,830.0,1012.0,1216.0,1347.0,1728.0,2176.0,2598.0,3003.0,3623.0,4275.0,4636.0,5127.0,5305.0,5832.0,6387.0,6984.0,7897.0,8558.0,7785.0,7910.0,8215.0,8804.0,9678.0,9524.0,10829.0
Turkey,5649.0,6045.0,6506.0,7665.0,7724.0,9491.0,12167.0,15167.0,18091.0,19982.0,22174.0,24325.0,25076.0,29286.0,31545.0,33080.0,34471.0,37193.0,37681.0,40742.0,43820.0,42065.0,42511.0,48715.0,54617.0,62227.0,66933.0,68906.0,75868.0
Turkmenistan,14.0,12.0,10.0,6.0,14.0,12.0,11.0,8.0,7.0,10.0,12.0,9.0,5.0,8.0,13.0,33.0,46.0,16.0,45.0,20.0,12.0,17.0,11.0,12.0,20.0,39.0,39.0,56.0,83.0
Turks and Caicos Islands,,1.0,,2.0,1.0,1.0,1.0,1.0,2.0,1.0,3.0,2.0,2.0,3.0,3.0,2.0,4.0,6.0,3.0,8.0,9.0,5.0,5.0,3.0,11.0,4.0,8.0,14.0,5.0
Tuvalu,,,,,,1.0,1.0,1.0,2.0,1.0,3.0,2.0,1.0,1.0,1.0,,1.0,1.0,6.0,2.0,3.0,3.0,4.0,2.0,2.0,2.0,6.0,2.0,5.0
Uganda,136.0,167.0,180.0,195.0,221.0,222.0,211.0,281.0,391.0,414.0,453.0,558.0,558.0,700.0,884.0,978.0,1036.0,1074.0,1206.0,1370.0,1439.0,1662.0,1707.0,1936.0,2305.0,2858.0,3019.0,3260.0,3496.0
Ukraine,5821.0,6338.0,6697.0,6298.0,6456.0,7745.0,7076.0,7114.0,7207.0,7523.0,6861.0,6868.0,7265.0,7139.0,7620.0,8124.0,8849.0,9894.0,10182.0,10680.0,11138.0,12514.0,14298.0,19804.0,22039.0,22951.0,20698.0,22153.0,21257.0
United Arab Emirates,408.0,406.0,435.0,387.0,502.0,555.0,614.0,863.0,922.0,1198.0,1383.0,1435.0,1599.0,1937.0,2290.0,2628.0,2992.0,3279.0,3556.0,4561.0,5194.0,6124.0,6780.0,8619.0,10110.0,12302.0,15181.0,18068.0,20561.0
United Kingdom,86853.0,92030.0,93294.0,92154.0,98888.0,94266.0,97399.0,103092.0,109753.0,119215.0,125829.0,129907.0,130875.0,139314.0,142521.0,147227.0,153526.0,160092.0,162820.0,169355.0,173855.0,178796.0,183745.0,188386.0,197620.0,210926.0,204044.0,199385.0,211490.0
United States,353137.0,352993.0,349248.0,344534.0,356437.0,356582.0,377872.0,401765.0,432430.0,467598.0,477217.0,469052.0,473835.0,504566.0,520699.0,537087.0,553892.0,564890.0,569505.0,577971.0,586390.0,597514.0,611411.0,615290.0,634028.0,657046.0,627016.0,611029.0,636319.0
United States Minor Outlying Islands,,,,,1.0,2.0,,1.0,,,,1.0,1.0,3.0,1.0,,1.0,5.0,,2.0,,1.0,2.0,1.0,,,0.0,1.0,2.0
Uruguay,265.0,332.0,335.0,335.0,369.0,362.0,412.0,463.0,514.0,581.0,609.0,640.0,769.0,849.0,876.0,1020.0,1036.0,1074.0,1334.0,1297.0,1500.0,1451.0,1708.0,1893.0,1979.0,2348.0,2167.0,2189.0,2300.0
Uzbekistan,398.0,462.0,396.0,418.0,426.0,476.0,406.0,425.0,484.0,468.0,471.0,481.0,434.0,522.0,548.0,574.0,496.0,533.0,524.0,460.0,588.0,580.0,645.0,1557.0,3485.0,3341.0,3568.0,6660.0,7858.0
Vanuatu,4.0,8.0,4.0,11.0,9.0,4.0,8.0,11.0,17.0,23.0,14.0,8.0,13.0,21.0,20.0,25.0,22.0,28.0,31.0,35.0,46.0,34.0,30.0,42.0,48.0,47.0,52.0,35.0,48.0
Vatican City State,,,,1.0,1.0,,,,3.0,1.0,,0.0,0.0,,1.0,5.0,4.0,1.0,1.0,1.0,1.0,4.0,6.0,7.0,4.0,5.0,8.0,9.0,13.0
Venezuela,1047.0,1262.0,1228.0,1310.0,1389.0,1425.0,1481.0,1631.0,1586.0,1851.0,1981.0,1974.0,2231.0,2333.0,2137.0,1889.0,1972.0,1865.0,1925.0,1689.0,1569.0,1635.0,1489.0,1599.0,1525.0,1616.0,1354.0,1291.0,1166.0
Viet Nam,294.0,336.0,317.0,365.0,394.0,427.0,451.0,639.0,699.0,839.0,948.0,1084.0,1456.0,1672.0,2084.0,2295.0,3014.0,3575.0,3813.0,4375.0,5616.0,6377.0,8516.0,12308.0,17443.0,17484.0,17344.0,18105.0,20873.0
Virgin Islands (British),,2.0,2.0,5.0,3.0,4.0,,0.0,2.0,2.0,7.0,15.0,8.0,15.0,6.0,13.0,6.0,9.0,8.0,5.0,9.0,6.0,4.0,6.0,7.0,9.0,12.0,5.0,6.0
Virgin Islands (U.S.),10.0,7.0,9.0,6.0,8.0,12.0,4.0,13.0,11.0,14.0,17.0,9.0,12.0,7.0,10.0,5.0,9.0,7.0,14.0,8.0,6.0,10.0,16.0,10.0,13.0,24.0,27.0,24.0,24.0
Wallis and Futuna,,,,,,,,,,1.0,,2.0,1.0,1.0,2.0,2.0,,2.0,,2.0,,1.0,,2.0,3.0,0.0,2.0,1.0,
Western Sahara,,,,,,,,,,,,,1.0,3.0,1.0,,,,,2.0,,,,,,1.0,1.0,,
Yemen,34.0,49.0,48.0,47.0,45.0,66.0,42.0,50.0,68.0,77.0,103.0,99.0,132.0,187.0,218.0,266.0,299.0,344.0,381.0,327.0,374.0,452.0,525.0,711.0,1086.0,1580.0,1833.0,1704.0,1779.0
Zambia,85.0,120.0,110.0,101.0,78.0,107.0,100.0,105.0,98.0,133.0,159.0,185.0,209.0,203.0,247.0,282.0,313.0,347.0,399.0,440.0,517.0,596.0,588.0,649.0,811.0,954.0,1063.0,1075.0,1122.0
Zimbabwe,346.0,374.0,325.0,379.0,345.0,316.0,281.0,326.0,263.0,261.0,308.0,352.0,290.0,284.0,324.0,352.0,440.0,476.0,610.0,591.0,716.0,808.0,926.0,977.0,1131.0,1292.0,1388.0,1287.0,1301.0
